Workbook

Sheet Employees
A1: EmployeeID | B1: FirstName | C1: LastName | D1: Gender | E1: Age | F1: DepartmentID | G1: JobTitle | H1: HireDate | I1: Salary | J1: City | K1: Email | L1: Status | M1: department name | N1: department using INDEX & MATCH | O1: hilight the active employe record
A2: E0001 | B2: Amit | C2: Dutta | D2: Female | E2: 30 | F2: D01 | G2: Analyst | H2: 2019-02-21 | I2: 105257 | J2: Kolkata | K2: amit.dutta1@example.com | L2: Active | M2: =VLOOKUP(F2,$U$3:$V$7,2,0) -> HR | N2: =INDEX(Departments!$B$1:$B$6, MATCH(Employees!F2, Departments!$A$1:$A$6, 0)) -> HR | U2: DepartmentID | V2: DepartmentName | W2: Manager
A3: E0002 | B3: Amit | C3: Roy | D3: Male | E3: 48 | F3: D03 | G3: Executive | H3: 2021-12-18 | I3: 97903 | J3: Kolkata | K3: amit.roy2@example.com | L3: Active | M3: =VLOOKUP(F3,$U$3:$V$7,2,0) -> IT | N3: =INDEX(Departments!$B$1:$B$6, MATCH(Employees!F3, Departments!$A$1:$A$6, 0)) -> IT | U3: D01 | V3: HR | W3: Alice
A4: E0003 | B4: Rohit | C4: Roy | D4: Male | E4: 48 | F4: D04 | G4: Coordinator | H4: 2020-07-25 | I4: 73429 | J4: Pune | K4: rohit.roy3@example.com | L4: Inactive | M4: =VLOOKUP(F4,$U$3:$V$7,2,0) -> Sales | N4: =INDEX(Departments!$B$1:$B$6, MATCH(Employees!F4, Departments!$A$1:$A$6, 0)) -> Sales | U4: D02 | V4: Finance | W4: Bob
A5: E0004 | B5: David | C5: Dutta | D5: Female | E5: 50 | F5: D05 | G5: Manager | H5: 2021-08-05 | I5: 99336 | J5: Pune | K5: david.dutta4@example.com | L5: Active | M5: =VLOOKUP(F5,$U$3:$V$7,2,0) -> Marketing | N5: =INDEX(Departments!$B$1:$B$6, MATCH(Employees!F5, Departments!$A$1:$A$6, 0)) -> Marketing | U5: D03 | V5: IT | W5: Carol
A6: E0005 | B6: Jane | C6: Ghosh | D6: Male | E6: 60 | F6: D01 | G6: Coordinator | H6: 2020-06-08 | I6: 105020 | J6: Pune | K6: jane.ghosh5@example.com | L6: Active | M6: =VLOOKUP(F6,$U$3:$V$7,2,0) -> HR | N6: =INDEX(Departments!$B$1:$B$6, MATCH(Employees!F6, Departments!$A$1:$A$6, 0)) -> HR | U6: D04 | V6: Sales | W6: Dan
A7: E0006 | B7: Rahul | C7: Dutta | D7: Male | E7: 33 | F7: D02 | G7: Coordinator | H7: 2019-08-04 | I7: 93173 | J7: Pune | K7: rahul.dutta6@example.com | L7: Active | M7: =VLOOKUP(F7,$U$3:$V$7,2,0) -> Finance | N7: =INDEX(Departments!$B$1:$B$6, MATCH(Employees!F7, Departments!$A$1:$A$6, 0)) -> Finance | U7: D05 | V7: Marketing | W7: Eva
A8: E0007 | B8: Sara | C8: Ghosh | D8: Male | E8: 52 | F8: D05 | G8: Analyst | H8: 2021-01-23 | I8: 106626 | J8: Pune | K8: sara.ghosh7@example.com | L8: Active | M8: =VLOOKUP(F8,$U$3:$V$7,2,0) -> Marketing | N8: =INDEX(Departments!$B$1:$B$6, MATCH(Employees!F8, Departments!$A$1:$A$6, 0)) -> Marketing
A9: E0008 | B9: John | C9: Dutta | D9: Female | E9: 42 | F9: D02 | G9: Manager | H9: 2020-05-27 | I9: 114547 | J9: Delhi | K9: john.dutta8@example.com | L9: Inactive | M9: =VLOOKUP(F9,$U$3:$V$7,2,0) -> Finance | N9: =INDEX(Departments!$B$1:$B$6, MATCH(Employees!F9, Departments!$A$1:$A$6, 0)) -> Finance
A10: E0009 | B10: John | C10: Singh | D10: Female | E10: 40 | F10: D01 | G10: Coordinator | H10: 2022-04-30 | I10: 51139 | J10: Bengaluru | K10: john.singh9@example.com | L10: Inactive | M10: =VLOOKUP(F10,$U$3:$V$7,2,0) -> HR | N10: =INDEX(Departments!$B$1:$B$6, MATCH(Employees!F10, Departments!$A$1:$A$6, 0)) -> HR
A11: E0010 | B11: Amit | C11: Roy | D11: Female | E11: 25 | F11: D05 | G11: Analyst | H11: 2018-12-23 | I11: 60673 | J11: Bengaluru | K11: amit.roy10@example.com | L11: Inactive | M11: =VLOOKUP(F11,$U$3:$V$7,2,0) -> Marketing | N11: =INDEX(Departments!$B$1:$B$6, MATCH(Employees!F11, Departments!$A$1:$A$6, 0)) -> Marketing
A12: E0011 | B12: Anita | C12: Roy | D12: Female | E12: 25 | F12: D05 | G12: Coordinator | H12: 2021-06-09 | I12: 65690 | J12: Kolkata | K12: anita.roy11@example.com | L12: Inactive | M12: =VLOOKUP(F12,$U$3:$V$7,2,0) -> Marketing | N12: =INDEX(Departments!$B$1:$B$6, MATCH(Employees!F12, Departments!$A$1:$A$6, 0)) -> Marketing
A13: E0012 | B13: Rohit | C13: Ghosh | D13: Male | E13: 49 | F13: D03 | G13: Executive | H13: 2019-02-24 | I13: 63823 | J13: Bengaluru | K13: rohit.ghosh12@example.com | L13: Active | M13: =VLOOKUP(F13,$U$3:$V$7,2,0) -> IT | N13: =INDEX(Departments!$B$1:$B$6, MATCH(Employees!F13, Departments!$A$1:$A$6, 0)) -> IT
A14: E0013 | B14: Rohit | C14: Khan | D14: Female | E14: 56 | F14: D05 | G14: Analyst | H14: 2022-03-31 | I14: 49557 | J14: Mumbai | K14: rohit.khan13@example.com | L14: Inactive | M14: =VLOOKUP(F14,$U$3:$V$7,2,0) -> Marketing | N14: =INDEX(Departments!$B$1:$B$6, MATCH(Employees!F14, Departments!$A$1:$A$6, 0)) -> Marketing
A15: E0014 | B15: Rohit | C15: Sen | D15: Male | E15: 44 | F15: D01 | G15: Coordinator | H15: 2022-09-23 | I15: 116901 | J15: Bengaluru | K15: rohit.sen14@example.com | L15: Active | M15: =VLOOKUP(F15,$U$3:$V$7,2,0) -> HR | N15: =INDEX(Departments!$B$1:$B$6, MATCH(Employees!F15, Departments!$A$1:$A$6, 0)) -> HR
A16: E0015 | B16: David | C16: Sen | D16: Female | E16: 55 | F16: D02 | G16: Analyst | H16: 2018-07-03 | I16: 85190 | J16: Delhi | K16: david.sen15@example.com | L16: Inactive | M16: =VLOOKUP(F16,$U$3:$V$7,2,0) -> Finance | N16: =INDEX(Departments!$B$1:$B$6, MATCH(Employees!F16, Departments!$A$1:$A$6, 0)) -> Finance
A17: E0016 | B17: Sara | C17: Paul | D17: Female | E17: 30 | F17: D04 | G17: Coordinator | H17: 2024-04-11 | I17: 95723 | J17: Bengaluru | K17: sara.paul16@example.com | L17: Inactive | M17: =VLOOKUP(F17,$U$3:$V$7,2,0) -> Sales | N17: =INDEX(Departments!$B$1:$B$6, MATCH(Employees!F17, Departments!$A$1:$A$6, 0)) -> Sales
A18: E0017 | B18: Priya | C18: Smith | D18: Female | E18: 51 | F18: D04 | G18: Executive | H18: 2019-04-23 | I18: 35234 | J18: Delhi | K18: priya.smith17@example.com | L18: Inactive | M18: =VLOOKUP(F18,$U$3:$V$7,2,0) -> Sales | N18: =INDEX(Departments!$B$1:$B$6, MATCH(Employees!F18, Departments!$A$1:$A$6, 0)) -> Sales
A19: E0018 | B19: John | C19: Roy | D19: Male | E19: 38 | F19: D01 | G19: Executive | H19: 2018-07-10 | I19: 102733 | J19: Kolkata | K19: john.roy18@example.com | L19: Inactive | M19: =VLOOKUP(F19,$U$3:$V$7,2,0) -> HR | N19: =INDEX(Departments!$B$1:$B$6, MATCH(Employees!F19, Departments!$A$1:$A$6, 0)) -> HR
... A501: E0500 | B501: David | C501: Singh | D501: Male | E501: 58 | F501: D05 | G501: Executive | H501: 2021-01-15 | I501: 42662 | J501: Bengaluru | K501: david.singh500@example.com | L501: Active | M501: =VLOOKUP(F501,$U$3:$V$7,2,0) -> Marketing | N501: =INDEX(Departments!$B$1:$B$6, MATCH(Employees!F501, Departments!$A$1:$A$6, 0)) -> Marketing

Sheet Departments
A1: DepartmentID | B1: DepartmentName | C1: Manager
A2: D01 | B2: HR | C2: Alice
A3: D02 | B3: Finance | C3: Bob
A4: D03 | B4: IT | C4: Carol
A5: D04 | B5: Sales | C5: Dan
A6: D05 | B6: Marketing | C6: Eva

Sheet Performance
A1: EmployeeID | B1: ReviewYear | C1: Rating | D1: TrainingHours | E1: ProjectsCompleted
A2: E0001 | B2: 2026 | C2: 1 | D2: 4 | E2: 2
A3: E0002 | B3: 2026 | C3: 4 | D3: 5 | E3: 7
A4: E0003 | B4: 2026 | C4: 2 | D4: 29 | E4: 5
A5: E0004 | B5: 2026 | C5: 4 | D5: 18 | E5: 6
A6: E0005 | B6: 2026 | C6: 2 | D6: 48 | E6: 2
A7: E0006 | B7: 2026 | C7: 3 | D7: 14 | E7: 5
A8: E0007 | B8: 2026 | C8: 2 | D8: 19 | E8: 3
A9: E0008 | B9: 2026 | C9: 1 | D9: 4 | E9: 2
A10: E0009 | B10: 2026 | C10: 4 | D10: 59 | E10: 0
A11: E0010 | B11: 2026 | C11: 5 | D11: 27 | E11: 2
A12: E0011 | B12: 2026 | C12: 3 | D12: 42 | E12: 3
A13: E0012 | B13: 2026 | C13: 2 | D13: 59 | E13: 3
... A501: E0500 | B501: 2026 | C501: 3 | D501: 47 | E501: 8
